name,country
Lanto Griffin,UNITED STATES
Hayden Buckley,UNITED STATES
Takumi Kanaya,JAPAN
Alejandro Tosti,ARGENTINA
Will Chandler,UNITED STATES
Matthew Riedel,UNITED STATES
Alistair Docherty,
Kensei Hirata,
Nick Watney,UNITED STATES
Adrien Dumont de Chassart,BELGIUM
Jin Chung,
S.Y. Noh,
Grant Hirschman,
Seung-taek Lee,
Johnny Keefer,
Tyler Duncan,UNITED STATES
Joe Weiler,
Corey Shaun,
Matt NeSmith,UNITED STATES
Austin Smotherman,
Ian Holt,
Tommy Gainey,
Christo Lamprecht,
Nate Stember,
Pierceson Coody,UNITED STATES
Rayhan Thomas,
Doc Redman,
Zach James,
Nick Gabrelcik,
MJ Daffue,
Nicolo Galletti,
Jonas Baumgartner,
Chase Sienkiewicz,
Hank Lebioda,
John Greco,
Austin Cook,UNITED STATES
Zack Fischer,
James Nicholas,
Caleb VanArragon,
Sudarshan Yellamaraju,
Harry Hillier,
Robby Shelton,UNITED STATES
Brandon Berry,
Emilio Gonzalez,
Marcelo Rozo,
Marcus Plunkett,
Sangmoon Bae,
Will Cannon,
Cole Sherwood,
Paul Barjon,
Samuel Anderson,
Austin Hitt,
Spencer Ralston,
Andi Xu,
Justin Suh,
Cody Blick,
Jeremy Gandon,
Ross Steelman,
Tyson Alexander,
Joseph Bramlett,UNITED STATES
Brandon Hoelzer,
Sandy Scott,
Kyle Westmoreland,
Ben Taylor,
Runchanapong Youprayong,
Richy Werenski,
Gavin Cohen,
Raul Pereda,
Tanner Napier,
"Blaine Hale, Jr.",
Luke Guthrie,
Rhein Gibson,
Roberto Díaz,
Billy Tom Sargent,
Jack Maguire,
Dylan Menante,
Callum Tarren,
Wilson Furr,
Thomas Longbella,
Drew Doyle,
Jeffrey Kang,
Luke Gifford,
Davis Shore,
Bryce Lewis,
Tom Whitney,
Derek Bard,
Dan McCarthy,
Myles Creighton,
Carl Yuan,
Brendon Jelley,
Bryson Nimmer,
Kevin Dougherty,
Chez Reavie,UNITED STATES
Cameron Huss,
Dawson Armstrong,
Connor Howe,
Sebastian Szirmak,
Ryan Burnett,
Brett White,
Ryan Hall,
Luis Gerardo Garza,
Charles Huntzinger,
Clay Feagler,
Matthew Anderson,
Kyle Cottam,
S.H. Kim,
Petr Hruby,
Thomas Walsh,
Pontus Nyholm,
Ryan Brehm,UNITED STATES
Travis Trace,
Ben Carr,
Chris Crawford,
Evan Brown,
Barend Botha,
Bronson Burgoon,UNITED STATES
Dalton Ward,
Ryan McCormick,
Brandon Crick,
Chris Korte,
Hayden Springer,UNITED STATES
Davis Chatfield,
Tim Wilkinson,
Seth Reeves,
Sean O'Hair,UNITED STATES
Charlie Reiter,
Riley Lewis,
Matt Atkins,
Cooper Musselman,
Norman Xiong,UNITED STATES
Mateo Fernández de Oliveira,
Owen Stamper,
John Houk,
Austin Greaser,
Lance Yates,
Jake Scott,
David Gazzolo,
John Augenstein,
Shad Tuten,
Derek Hitchner,
Jake Hall,
Aman Gupta,
Dawson Jones,
Sam Choi,
Steffen Smith,
Ryan Davis,
John Houchin,
David Perkins,
David Longmire,
Tain Lee,
Blake McShea,
Callum McNeill,
Jacob Bergeron,
Zach Bauchou,
Martin Laird,SCOTLAND
Garrick Higgo,SOUTH AFRICA
Alvaro Ortiz,
Erik Barnes,
Sam Bennett,
Zecheng Dou,
Trace Crowe,UNITED STATES
Tano Goya,
Brandon Wu,UNITED STATES
Trent Phillips,
Scott Piercy,UNITED STATES
Wil Bateman,
Nelson Ledesma,
Ashton Van Horne,
Ryan Blaum,
Roger Sloan,
Scottie Scheffler,UNITED STATES
Tom Kim,REPUBLIC OF KOREA
Justin Thomas,UNITED STATES
Akshay Bhatia,UNITED STATES
Keegan Bradley,UNITED STATES
Ludvig Åberg,
Robert MacIntyre,SCOTLAND
Sahith Theegala,UNITED STATES
Sungjae Im,REPUBLIC OF KOREA
Sepp Straka,AUSTRIA
Patrick Cantlay,UNITED STATES
Brian Harman,UNITED STATES
Cameron Young,UNITED STATES
Sam Burns,UNITED STATES
Aaron Rai,ENGLAND
Nick Dunlap,UNITED STATES
Matthieu Pavon,FRANCE
Wyndham Clark,UNITED STATES
Jason Day,AUSTRALIA
Russell Henley,UNITED STATES
Maverick McNealy,UNITED STATES
Luke Clanton,UNITED STATES
Nico Echavarria,COLOMBIA
Daniel Berger,UNITED STATES
J.T. Poston,
Lee Hodges,UNITED STATES
Mackenzie Hughes,CANADA
Michael Thorbjornsen,UNITED STATES
Patrick Fishburn,UNITED STATES
Vince Whaley,UNITED STATES
Chandler Phillips,UNITED STATES
Joe Highsmith,UNITED STATES
Kevin Yu,CHINESE TAIPEI
Michael Kim,UNITED STATES
Ben Griffin,UNITED STATES
Eric Cole,UNITED STATES
Austin Eckroat,UNITED STATES
Ryo Hisatsune,JAPAN
Patrick Rodgers,UNITED STATES
Henrik Norlander,SWEDEN
Stewart Cink,UNITED STATES
Denny McCarthy,UNITED STATES
Bud Cauley,UNITED STATES
Paul Peterson,UNITED STATES
Kelly Kraft,
Lucas Glover,UNITED STATES
Will Gordon,UNITED STATES
Andrew Novak,UNITED STATES
Mark Hubbard,UNITED STATES
Taylor Moore,UNITED STATES
Joel Dahmen,UNITED STATES
Carson Young,UNITED STATES
Sam Stevens,UNITED STATES
Taylor Montgomery,UNITED STATES
Kevin Tway,UNITED STATES
Jonathan Byrd,
Doug Ghim,UNITED STATES
Steven Fisk,UNITED STATES
Martin Trainer,FRANCE
Adam Schenk,UNITED STATES
Kevin Chappell,UNITED STATES
Adam Hadwin,CANADA
Matt Wallace,ENGLAND
Marcus Byrd,
Adam Svensson,CANADA
Harris English,UNITED STATES
Davis Thompson,UNITED STATES
William McGirt,
Russell Knox,SCOTLAND
Philip Knowles,UNITED STATES
Patton Kizzire,UNITED STATES
Jake Knapp,UNITED STATES
Alex Smalley,UNITED STATES
Zach Johnson,UNITED STATES
K.H. Lee,
Andrew Putnam,UNITED STATES
Gary Woodland,UNITED STATES
Brandt Snedeker,UNITED STATES
James Hahn,UNITED STATES
Davis Riley,UNITED STATES
Wesley Bryan,UNITED STATES
Zac Blair,UNITED STATES
Adam Long,UNITED STATES
Luke List,UNITED STATES
Dylan Wu,UNITED STATES
Cameron Champ,UNITED STATES
Chris Kirk,UNITED STATES
Brice Garnett,UNITED STATES
Francesco Molinari,ITALY
Camilo Villegas,COLOMBIA
Josh Teater,
Aaron Baddeley,AUSTRALIA
Rafael Campos,PUERTO RICO
Brendon Todd,UNITED STATES
Trey Mullinax,UNITED STATES
Keith Mitchell,UNITED STATES
Nate Lashley,UNITED STATES
Robert Streb,
Chad Ramey,UNITED STATES
Troy Merritt,UNITED STATES
Anders Albertson,UNITED STATES
Greyson Sigg,UNITED STATES
Justin Lower,UNITED STATES
Bill Haas,UNITED STATES
Ryan Moore,UNITED STATES
Matt Kuchar,UNITED STATES
Kevin Streelman,UNITED STATES
Matt McCarty,UNITED STATES
Dylan Frittelli,
Ben Kohles,UNITED STATES
Peter Malnati,UNITED STATES
Webb Simpson,UNITED STATES
Sam Ryder,UNITED STATES
Nick Hardy,UNITED STATES
Jacob Bridgeman,UNITED STATES
David Skinns,ENGLAND
J.J. Spaun,
Cody Gribble,
Jacob Modleski,
Kevin Kisner,UNITED STATES
Sung Kang,
Reid Davenport,
Francisco Bidé,
Seamus Power,IRELAND
Davis Love III,
Si Woo Kim,REPUBLIC OF KOREA
David Lipsky,UNITED STATES
Rico Hoey,PHILIPPINES
Jhonattan Vegas,VENEZUELA
Matti Schmid,GERMANY
Connor Jones,
Chris Baker,
Ben Crane,
Egor Eroshenko,
Tyler Collet,
Camiko Smith,
Luke Schniederjans,
Graeme Robertson,
Nick Taylor,CANADA
Ethan Cairns,
Eric West,
Nick Jones,
Miles Russell,
D.A. Points,
"George Bryan, IV",
Greg Koch,
Michael Herrera,
Max Greyserman,UNITED STATES
Harry Hall,ENGLAND
Ryan Gerard,UNITED STATES
Beau Hossler,UNITED STATES
Harry Higgs,UNITED STATES
Charley Hoffman,UNITED STATES
Chesson Hadley,UNITED STATES
Danny Willett,ENGLAND
Tom Hoge,UNITED STATES
Erik van Rooyen,SOUTH AFRICA
Neal Shipley,
William Moll,
Omar Morales,
Santiago de la Fuente,
Isidro Benitez,
Billy Andrade,
Dylan Brack,
Mark Geddes,
Ryan Palmer,UNITED STATES
Robert Garrigus,
Andrew Walker,
Luke Donald,
Rickie Fowler,UNITED STATES
Kurt Kitayama,UNITED STATES
Yuta Sugiura,
C.T. Pan,
Taisei Shimizu,
Ren Yonezawa,
Yuto Katsuragawa,
Max Homa,UNITED STATES
Mac Meissner,UNITED STATES
Min Woo Lee,AUSTRALIA
Ryosuke Kinoshita,
Victor Perez,FRANCE
Xander Schauffele,UNITED STATES
Naoyuki Kataoka,
Will Zalatoris,UNITED STATES
Ben Silverman,CANADA
Hideki Matsuyama,JAPAN
Chan Kim,UNITED STATES
Collin Morikawa,UNITED STATES
Ryo Ishikawa,
Shugo Imahira,
Satoshi Kodaira,
Ryan Fox,NEW ZEALAND
Sami Valimaki,FINLAND
Hiroshi Iwata,
Takahiro Hataji,
Chris Gotterup,UNITED STATES
Takashi Ogiso,
Kaito Onishi,JAPAN
Taylor Pendrith,CANADA
Ian Gilligan,
Morgan Hoffmann,
Alexander Björk,
Erik Matthewson,
Stephan Jaeger,GERMANY
Caden Fioroni,
Cam Davis,AUSTRALIA
Max McGreevy,UNITED STATES
Kihei Akina,
Chandler Blanchet,
Mike Weir,
David Bradshaw,
John Sand,
Peter Kuest,
Zac Jones,
Bowen Mauss,
Nicholas Lindheim,UNITED STATES
Scott Gutschewski,
Jay Don Blake,
Dustin Volk,
J.B. Holmes,
Tony Finau,UNITED STATES
Jorge Campillo,
Parker Coody,UNITED STATES
Stuart Macdonald,
Emiliano Grillo,ARGENTINA
Jimmy Stanger,UNITED STATES
Santiago De la Fuente,
Thorbjørn Olesen,
Cristobal Del Solar,CHILE
Nicolai Højgaard,
Padraig Harrington,
Vincent Norrman,SWEDEN
Scott Stallings,UNITED STATES
Harrison Endycott,AUSTRALIA
Sebastián Vázquez,
Fred Biondi,
Jose Antonio Safa,
Thomas Detry,BELGIUM
Rodolfo Cazaubòn,
Austin Wylie,
Preston Stanley,
Ben Sigel,
Renato Naula,
Ryan Armour,
Beck Burnette,
Hunter Logan,
Caleb Hicks,
Charlie Flynn,
Reed Hughes,
Corey Conners,CANADA
John Keefer,
Tom Johnson,
Ben James,
Jeffrey Guan,
Wenyi Ding,
Adam Scott,AUSTRALIA
Rory McIlroy,NORTHERN IRELAND
Shane Lowry,IRELAND
Viktor Hovland,NORWAY
Tommy Fleetwood,ENGLAND
Byeong Hun An,REPUBLIC OF KOREA
Billy Horschel,UNITED STATES
Christiaan Bezuidenhout,SOUTH AFRICA
Alex Noren,SWEDEN
Matt Fitzpatrick,ENGLAND
Justin Rose,ENGLAND
Jordan Spieth,UNITED STATES
Jim Herman,
George Kneiser,
Steve Bogdanoff,
Braden Shattuck,
Jon Rahm,
Joaquin Niemann,
Matteo Manassero,ITALY
Guido Migliozzi,
Matthias Schmid,
Carlos Ortiz,
Rafa Campos,
Gavin Green,
Fabrizio Zanotti,
Tapio Pulkkanen,
Abraham Ancer,
Shubhankar Sharma,
David Puig,
Kristoffer Ventura,
Mito Pereira,
Gaganjeet Bhullar,
Adrian Meronk,
Keita Nakajima,
Joel Girrbach,
Kiradech Aphibarnrat,
Daniel Hillier,
Yechun Yuan,
Phachara Khongwatmai,
Ben Warian,
Jackson Markham,
Anthony Maccaglia,
Thriston Lawrence,SOUTH AFRICA
Tobias Jonsson,
Jeff Sorenson,
Lukas Nemecz,
Jayden Schaper,
Mitchell Schow,
Paul Waring,ENGLAND
Marcus Armitage,
Adrien Saddier,
Todd Clements,
Casey Jarvis,
Maximilian Kieffer,
Oliver Wilson,
Max Rottluff,
Hurly Long,
Chase Hanna,
Sam Bairstow,
Santiago Tarrio,
Espen Kofstad,
Matthias Schwab,
Andrea Pavan,
Marcus Kinhult,
Alex Fitzpatrick,
Alexander Knappe,
Adri Arnaus,
Ricardo Gouveia,
Tom Vaillant,
Andrew Johnston,
Scott Jamieson,
Marcel Schneider,
Lorenzo Scalise,
Mike Lorenzo-Vera,
Daan Huizing,
Jason Scrivener,
Andy Sullivan,
Louis de Jager,
Johannes Veerman,
Francesco Laporta,
Manuel Elvira,
Ivan Cantero Gutierrez,
Patrick Newcomb,
Edoardo Molinari,
Jordan Gumberg,
Clément Sordet,
Corey Pereira,
Rafa Cabrera Bello,
Jeong Weon Ko,
James Morrison,
Baron Szeto,
Marco Penge,
Matthew Baldwin,
Gunner Wiebe,
Beau Forest,
Barclay Brown,
Pat Steffes,
Mats Ege,
Matthew Jordan,
Daniel Brown,
John Catlin,
Dean Burmester,
Ewen Ferguson,
Joseph Dean,
Laurie Canter,
Minkyu Kim,
Dustin Johnson,
Brooks Koepka,
Calum Scott,
Richard Mansell,
Sean Crocker,
Tommy Morrison,
Jeunghun Wang,
Rasmus Højgaard,
Jacob Skov Olesen,
Phil Mickelson,
Tom McKibbin,
Young-han Song,
Marcel Siem,
Darren Clarke,
Alex Cejka,
Luis Masaveu,
Andy Ogletree,
Darren Fichardt,
Kazuma Kobori,
Jack McDonald,
Nacho Elvira,
Henrik Stenson,
Louis Oosthuizen,
Charlie Lindh,
Sam Horsfield,
Tyrrell Hatton,
Masahiro Kawamura,
Jordan Smith,
Joost Luiten,
Matthew Southgate,
Bryson DeChambeau,
Elvis Smylie,
Rikuya Hoshino,JAPAN
Yannik Paul,
Matthew Dodd-Berry,
Mike Hendry,
Jasper Stubbs,
Angel Hidalgo Portillo,
Altin van der Merwe,
Jesper Svensson,SWEDEN
Cameron Smith,
Sam Hutsby,
Ryan van Velzen,
Jaime Montojo,
Liam Nolan,
Dominic Clemons,
Gordon Sargent,UNITED STATES
Tiger Woods,UNITED STATES
Mason Andersen,UNITED STATES
Denwit David Boriboonsub,
Justin Leonard,
Guntaek Koh,
Dan Bradbury,
Todd Hamilton,
Aguri Iwasaki,
Romain Langasque,
Ernie Els,
John Daly,
Spencer Cross,
Matthis Besard,
Jacques Kruyswijk,
Andrew Wilson,
Sebastian Friedrichsen,
Stephen Stallings Jr.,
David Micheluzzi,
Thomas Aiken,
Stephen Gallacher,
John Marshall Butler,
Filippo Celli,
Haydn Barron,
Jason Dufner,
Kyle Reifers,
Alex Goff,
Chen Guxin,
Matt Sharpstene,
Sam Jones,
Daniel Iceman,
David Ravetto,
Renato Paratore,
Alejandro Del Rey,
Niklas Norgaard Moller,
Connor Syme,
Haotong Li,
Nick Bachem,
Antoine Rozner,FRANCE
Grant Forrest,
Junghwan Lee,
Ugo Coussaud,
Ashun Wu,
Jens Dantorp,
Julien Guerrier,
Calum Hill,
Callum Shinkwin,
Pablo Larrazabal,
Simon Forsström,
Aaron Cockerill,
David Law,
Jeong Woo Ham,
Richie Ramsay,
Bernd Wiesberger,
Darius Van Driel,
Ockie Strydom,
Jeff Winther,
Sanghyun Park,
Adrian Otaegui,
Dale Whitnell,
Daniel Gavins,
Cole Rueck,
Joshua Creel,
Jackson Buchanan,
Chase Johnson,
Andrew Landry,
Blake Hathcoat,
Tracy Vest,
Anders Larson,
Jackson Koivun,
Willie Mack III,
Jimmy Walker,UNITED STATES
Kyle Martin,
Danny Guise,
Nick Bienz,
Angelo Giantsopoulos,
Sergio Garcia,
Isaiah Salinda,UNITED STATES
Frankie Capan III,UNITED STATES
Tim Widing,SWEDEN
Seonghyeon Kim,
Brian Campbell,UNITED STATES
Matthew Fitzpatrick,
Martin Kaymer,
Gunnar Broin,
Jackson Suber,UNITED STATES
Frederik Kjettrup,
Brandon Robinson Thompson,
Bryan Kim,
Parker Bell,
Eugenio Chacarra,
Logan McAllister,
Hiroshi Tai,
Joey Vrzich,
Chris Petefish,
Robert Rock,
Ashton McCulloch,
Michael McGowan,
Brendan Valdes,
Wells Williams,
Andrew Svoboda,
Carter Jenkins,
John Chin,
Maxwell Moldovan,
Stewart Hagestad,
Carson Schaake,
Chris Naegel,
Colin Prater,
Riki Kawamoto,
Otto Black,
David Hearn,
Richard Lee,
Cam Kellett,
Justin Matthews,
Michael Blair,
Michael Gligic,
Jared du Toit,
Étienne Papineau,
Ben Martin,UNITED STATES
Kevin Stinson,
Marc-Olivier Plasse,
Jakob Chicoyne,
Max Sear,
Jake Lane,
Rory Sabbatini,
Michael Block,
Paul Haley II,
Grayson Murray,
Lucas Herbert,
Patrick Reed,
Talor Gooch,
Sebastian Soderberg,
Jeremy Wells,
Kyle Mendoza,
Ben Polland,
Jesse Mueller,
Evan Bowser,
Y.E. Yang,
Wyatt Worthington II,
John Somers,
Jared Jones,
Brad Marek,
Josh Speight,
Shaun Micheel,
Zac Oakley,
Josh Bevell,
Tracy Phillips,
Larkin Gross,
Matt Dobyns,
Preston Cole,
Jeff Kellen,
Rich Beem,
Blades Brown,
Taylor Dickson,UNITED STATES
D.J. Trahan,
Braden Thornberry,UNITED STATES
Brian Davis,
Morgan Deneen,
Ryan Abbate,
Taiga Semikawa,
Evan Harmeling,
Jon Mayer,
Kris Kim,
Brad Hopfinger,
Quade Cummins,UNITED STATES
David Nyfjall,
KK Limbhasut,
McIlroy/ Lowry,
Ramey/ Trainer,
Brehm/ Hubbard,
Higgo/ Fox,
Stevens/ Barjon,
Blair/ Fishburn,
Echavarria/ Greyserman,
Sigg/ Hadley,
Detry/ MacIntyre,
Taylor/ Hadwin,
Kraft/ Tway,
Eckroat/ Gotterup,
Garnett/ Straka,
Lee/ Kim,
Fitzpatrick/ Fitzpatrick,
Hoffman/ Watney,
Conners/ Pendrith,
Tarren/ Skinns,
Phillips/ Bridgeman,
Malnati/ Knox,
List/ Norlander,
Johnson/ Palmer,
Morikawa/ Kitayama,
Meissner/ Smotherman,
Cantlay/ Schauffele,
Thompson/ Novak,
Rai/ Lipsky,
Hardy/ Riley,
Wu/ Nicholas,
Ghim/ Kim,
Yu/ Pan,
Wu/ Lower,
Kohles/ Kizzire,
Hall/ Piercy,
Mitchell/ Dahmen,
Wallace/ Olesen,
Taylor/ O'Hair,
Lashley/ Campos,
Norrman/ Campillo,
Reavie/ Snedeker,
Berger/ Perez,
Shelton/ Furr,
Stanger/ Dumont de Chassart,
Moore/ NeSmith,
Chappell/ Dufner,
Xiong/ McCormick,
Hossler/ Ryder,
"Tosti/ Potter, Jr.",
Silverman/ Dougherty,
Theegala/ Zalatoris,
Hoge/ McNealy,
Cole/ Cochran,
Lawrence/ Potgieter,
Smalley/ Schmid,
Champ/ Daffue,
Kuchar/ Stricker,
Kim/ Bae,
Montgomery/ Griffin,
Coody/ Coody,
Spaun/ Buckley,
Springer/ Whitney,
Højgaard/ Højgaard,
Barnes/ Endycott,
Putnam/ Highsmith,
Woodland/ Hodges,
Gutschewski/ Byrd,
Horschel/ Alexander,
Vegas/ Burgoon,
Yuan/ Dou,
Crowe/ Higgs,
Suh/ Hoey,
Young/ Martin,
Molinari/ Donald,
Whaley/ Long,
Sloan/ Teater,
Streelman/ Laird,
Merritt/ Streb,
Pereda/ Cook,
Kisner/ Brown,
"Hale, Jr./ Haley II",
Erik Compton,
Brian Stuard,
Ricky Barnes,
Jeff Overton,
Ryan Celano,
Justin Hicks,
Juan Jose Guerra,
Joe Deraney,
Kyle Stanley,UNITED STATES
George McNeill,
Julio Santos,
Herman Wibe Sekne,
Willy Pumarol,
Hiram Silfa,
José María Olazábal,
Vijay Singh,FIJI
Bubba Watson,
Charl Schwartzel,
Fred Couples,
Joe Sullivan,
Alex Welch,
Ben Willman,
Tom Adrounie,
Cole Hammer,
Kris Ventura,NORWAY
Dawie van der Walt,
Jesse Droemer,
Kevin Roy,UNITED STATES
Ricky Castillo,UNITED STATES
Kevin Aylwin,
Steve Stricker,
Jackson Van Paris,
Chris Nido,
Chris Stroud,
Angel Ayora,
Justin Hastings,
Ryan Cole,
"Ted Potter, Jr.",
Yuxin Lin,
Domenico Geminiani,
Gareth Steyn,
Scott Brown,
Julian Perico,
Derek Ernst,
Geoff Ogilvy,
Aaron Wise,UNITED STATES
Derek Lamely,
Evan Pena,
Kelvin Hernandez,
Aram Yenidjeian,
David Ford,UNITED STATES
Jim Knous,
Kevin Stadler,
Alex Chiarella,
Chad Hambright,
Cameron Sisk,
John Pak,UNITED STATES
David Lingmerth,SWEDEN
Tyler McCumber,UNITED STATES
Rintaro Nakano,
Blaze Akana,
Hunter Larson,
